Notering	Titel	Artiest	Jaar
1	Bohemian Rhapsody	Queen	1975
2	Hotel California	Eagles	1977
3	Piano man	Billy Joel	1974
4	Stairway to heaven	Led Zeppelin	1971
5	Wish you were here	Pink Floyd	1975
6	Child in time	Deep Purple	1972
7	Black	Pearl Jam	1993
8	Africa	Toto	1982
9	Fix you	Coldplay	2005
10	Avond	Boudewijn de Groot	1997
11	November rain	Guns N' Roses	1992
12	Love of my life	Queen	1975
13	Nothing else matters	Metallica	1992
14	Comfortably numb	Pink Floyd	1979
15	Brothers in arms	Dire Straits	1985
16	Imagine	John Lennon	1971
17	Heroes	David Bowie	1977
18	Shine on you crazy diamond	Pink Floyd	1975
19	Thunderstruck	AC/DC	1990
20	Sultans of swing	Dire Straits	1978
21	The river	Bruce Springsteen	1981
22	Hurt	Johnny Cash	2002
23	One	Metallica	1994
24	Mag ik dan bij jou	Claudia de Breij	2011
25	Purple rain	Prince & The Revolution	1984
26	The sound of silence	Simon & Garfunkel	1966
27	Radar love	Golden Earring	1973
28	Oceaan	Racoon	2013
29	Paradise by the dashboard light	Meat Loaf	1978
30	Innuendo	Queen	1991
31	Zoutelande	BLØF & Geike Arnaert	2017
32	Smells like teen spirit	Nirvana	1991
33	Somebody to love	Queen	1976
34	Sweet child o' mine	Guns N' Roses	1988
35	Just breathe	Pearl Jam	2009
36	Viva la vida	Coldplay	2008
37	Don't stop me now	Queen	1979
38	Under pressure	David Bowie & Queen	1981
39	The sound of silence	Disturbed	2016
40	Telegraph Road	Dire Straits	1982
41	In the air tonight	Phil Collins	1981
42	Go your own way	Fleetwood Mac	1977
43	Back to black	Amy Winehouse	2006
44	School	Supertramp	1974
45	The scientist	Coldplay	2002
46	God only knows	The Beach Boys	1966
47	In the end	Linkin Park	2001
48	Paint it black	The Rolling Stones	1966
49	Sympathy for the devil	The Rolling Stones	1973
50	One	U2	1992
51	Mr. Blue Sky	Electric Light Orchestra	1978
52	With or without you	U2	1987
53	Let it be	The Beatles	1970
54	Another Brick in the Wall (part two)	Pink Floyd	1979
55	Alive	Pearl Jam	1992
56	Brabant	Guus Meeuwis	2004
57	Clocks	Coldplay	2003
58	Riders on the storm	The Doors	1971
59	Highway to hell	AC/DC	1979
60	Over de muur	Klein Orkest	1984
61	Bridge over troubled water	Simon & Garfunkel	1970
62	Killing in the name	Rage Against the Machine	1992
63	Lose yourself	Eminem	2002
64	Het dorp	Wim Sonneveld	1974
65	Old and wise	The Alan Parsons Project	1982
66	Under the bridge	Red Hot Chili Peppers	1992
67	Dancing queen	ABBA	1976
68	Somebody to Love	George Michael & Queen	1993
69	Sunday bloody sunday	U2	1985
70	Hey Jude	The Beatles	1968
71	A forest	The Cure	1980
72	Enter sandman	Metallica	1991
73	Whole lotta Rosie	AC/DC	1978
74	Who wants to live forever	Queen	1986
75	Sorry	Kensington	2016
76	Angels	Robbie Williams	1998
77	Iron sky	Paolo Nutini	2014
78	Tears in heaven	Eric Clapton	1992
79	Angie	The Rolling Stones	1973
80	Private investigations	Dire Straits	1982
81	Space oddity	David Bowie	1969
82	Billie Jean	Michael Jackson	1983
83	The pretender	Foo Fighters	2007
84	Losing my religion	R.E.M.	1991
85	Perfect	Ed Sheeran	2017
86	The house of the rising sun	The Animals	1964
87	Creep	Radiohead	1993
88	Killer Queen	Queen	1974
89	Master of puppets	Metallica	1986
90	(Sittin' on) the dock of the bay	Otis Redding	1968
91	Cold Little Heart	Michael Kiwanuka	2016
92	Fool's Overture	Supertramp	1977
93	Goodnight Saigon	Billy Joel	1983
94	Papa	Stef Bos	1991
95	Chasing cars	Snow Patrol	2006
96	Bitter sweet symphony	The Verve	1997
97	Someone like you	Adele	2011
98	Uprising	Muse	2009
99	Gimme shelter	The Rolling Stones	1969
100	Wake me up	Avicii	2013
101	Het regent zonnestralen	Acda en De Munnik	1998
102	Blackbird	The Beatles	1968
103	Here comes the sun	The Beatles	1969
104	Suspicious minds	Elvis Presley	1969
105	Jolene	Dolly Parton	1974
106	Pastorale	Ramses Shaffy & Liesbeth List	1969
107	Wonderwall	Oasis	1995
108	The show must go on	Queen	1991
109	Earth song	Michael Jackson	1995
110	Dochters	Marco Borsato	2008
111	Nights in white satin	Moody Blues	1968
112	Where the Streets Have No Name	U2	1987
113	Thriller	Michael Jackson	1983
114	Californication	Red Hot Chili Peppers	2000
115	Gotta catch 'em all	Jason Paige	1998
116	Yellow	Coldplay	2000
117	September	Earth, Wind & Fire	1979
118	I want to break free	Queen	1984
119	Smoke on the water	Deep Purple	1973
120	Kleine jongen	André Hazes	1990
121	Don't look back in anger	Oasis	1996
122	Yesterday	The Beatles	1965
123	Nobody's wife	Anouk	1997
124	Paradise City	Guns N' Roses	1989
125	Belfast child	Simple Minds	1989
126	Wuthering heights	Kate Bush	1978
127	Hallelujah	Leonard Cohen	1984
128	I still haven't found what I'm looking for	U2	1987
129	Zombie	The Cranberries	1994
130	Stil in mij	Van Dik Hout	1994
131	Jeanny	Falco	1985
132	Knights of Cydonia	Muse	2006
133	Paranoid	Black Sabbath	1970
134	Perfect day	Lou Reed	1972
135	Man in the mirror	Michael Jackson	1988
136	Come as you are	Nirvana	1991
137	All along the watchtower	Jimi Hendrix Experience	1968
138	Radio Ga Ga	Queen	1984
139	The last resort	Eagles	1976
140	We will rock you	Queen	1977
141	Whole lotta love	Led Zeppelin	1969
142	When the lady smiles	Golden Earring	1984
143	Barcelona	Freddie Mercury & Montserrat Caballé	1987
144	Make you feel my love	Adele	2008
145	Sterrenstof	De Jeugd van Tegenwoordig	2010
146	A sky full of stars	Coldplay	2014
147	Hallelujah	Jeff Buckley	1994
148	Summer of '69	Bryan Adams	1990
149	Enjoy the silence	Depeche Mode	1990
150	Hello	Adele	2015
151	Sorry	Kyteman	2009
152	Leef	André Hazes jr.	2016
153	A whiter shade of pale	Procol Harum	1967
154	The boxer	Simon & Garfunkel	1969
155	Fragile	Sting	1988
156	Jeremy	Pearl Jam	1991
157	The Chain	Fleetwood Mac	1977
158	Money for nothing	Dire Straits	1985
159	Desperado	Eagles	1973
160	Hurricane	Bob Dylan	1975
161	Laat me	Ramses Shaffy	1978
162	Don't stop believin'	Journey	1981
163	Rolling in the deep	Adele	2010
164	Have You Ever Seen the Rain?	Creedence Clearwater Revival	1971
165	Du hast	Rammstein	1997
166	Everybody hurts	R.E.M.	1993
167	Streets of Philadelphia	Bruce Springsteen	1994
168	Sonne	Rammstein	2001
169	While my guitar gently weeps	The Beatles	1968
170	Everlong	Foo Fighters	1997
171	Bloed, zweet en tranen	André Hazes	2002
172	Fear of the dark	Iron Maiden	1993
173	The unforgettable fire	U2	1985
174	She	Charles Aznavour	1974
175	Saturday night	Herman Brood & His Wild Romance	1978
176	The winner takes it all	ABBA	1980
177	The rose	Bette Midler	1980
178	Mr. Brightside	The Killers	2005
179	Voor haar	Frans Halsema	1977
180	Proud Mary	Ike & Tina Turner	1971
181	One	Mary J. Blige & U2	2005
182	(You Make Me Feel Like) A Natural Woman	Aretha Franklin	1967
183	Street spirit (fade out)	Radiohead	1995
184	Skyfall	Adele	2012
185	Lola Montez	Volbeat	2013
186	Love you more	Racoon	2005
187	Roxanne	The Police	1979
188	Fields of gold	Sting	1993
189	Dream on	Aerosmith	1973
190	I put a spell on you	Creedence Clearwater Revival	1972
191	Radioactive	Imagine Dragons	2012
192	Take Me Home, Country Roads	John Denver	1971
193	Fast car	Tracy Chapman	1988
194	Bad	U2	1984
195	Kayleigh	Marillion	1985
196	Englishman in New York	Sting	1988
197	Another One Bites the Dust	Queen	1980
198	Onderweg	Abel	2000
199	Bed of roses	Bon Jovi	1993
200	Chop Suey!	System of a Down	2001
201	Beautiful day	U2	2000
202	Knockin' on heaven's door	Guns N' Roses	1992
203	The end	The Doors	1967
204	Careless Whisper	George Michael	1984
205	Shape of you	Ed Sheeran	2017
206	Ice queen	Within Temptation	2002
207	One day like this	Elbow	2008
208	Seven nation army	The White Stripes	2003
209	Music	John Miles	1976
210	Omarm	BLØF	2003
211	Iedereen is van de wereld	The Scene	1991
212	Don't you (forget about me)	Simple Minds	1985
213	Fortunate son	Creedence Clearwater Revival	1969
214	Papillon	Editors	2009
215	Born to run	Bruce Springsteen	1975
216	We Are the Champions	Queen	1977
217	Oude Maasweg	The Amazing Stroopwafels	1982
218	These are the days of our lives	Queen	1991
219	What's going on	Marvin Gaye	1971
220	Thinking out loud	Ed Sheeran	2014
221	Numb	Linkin Park	2003
222	Angel of death	Slayer	1986
223	Still got the blues	Gary Moore	1990
224	No one knows	Queens of the Stone Age	2003
225	Kronenburg park (Ga die wereld uit)	Frank Boeijen Groep	1985
226	Ace of spades	Motörhead	1980
227	Old man	Neil Young	1972
228	Welcome to the Jungle	Guns N' Roses	1987
229	Dreams	Fleetwood Mac	1977
230	Another 45 miles	Golden Earring	1969
231	The load-out/stay	Jackson Browne	1977
232	Lithium	Nirvana	1991
233	Zeg me dat het niet zo is	Frank Boeijen Groep	1990
234	Hey Brother	Avicii	2013
235	Karma Police	Radiohead	1997
236	Kryptonite	3 Doors Down	2000
237	Lightning crashes	Live	1995
238	Three little birds	Bob Marley & The Wailers	1977
239	I'm on fire	Bruce Springsteen	1985
240	Heart of gold	Neil Young	1972
241	In the ghetto	Elvis Presley	1969
242	Beat it	Michael Jackson	1983
243	Deurdonderen	Normaal	1982
244	Bad moon rising	Creedence Clearwater Revival	1969
245	Respect	Aretha Franklin	1967
246	Me and Bobby McGee	Janis Joplin	1971
247	A day in the life	The Beatles	1967
248	Set fire to the rain	Adele	2011
249	I see fire	Ed Sheeran	2014
250	Zing, vecht, huil, bid, lach, werk en bewonder	Ramses Shaffy	1971
251	Ring of fire	Johnny Cash	1963
252	Society	Eddie Vedder	2001
253	Boulevard of broken dreams	Green Day	2004
254	Zij gelooft in mij	André Hazes	1981
255	Livin' on a prayer	Bon Jovi	1986
256	Testament	Boudewijn de Groot	1967
257	Your song	Elton John	1971
258	Pride (in the name of love)	U2	1984
259	Stan	Eminem feat. Dido	2000
260	Levels	Avicii	2011
261	Black Hole Sun	Soundgarden	1994
262	Layla	Eric Clapton	1992
263	Dust in the wind	Kansas	1978
264	Run	Snow Patrol	2004
265	Walk of life	Dire Straits	1985
266	Sad Man's Tongue	Volbeat	2007
267	Back in black	AC/DC	1980
268	You can't always get what you want	The Rolling Stones	1969
269	No woman, no cry	Bob Marley & The Wailers	1975
270	She's always a woman	Billy Joel	1978
271	Holiday in Spain	BLØF & Counting Crows	2004
272	Fade to black	Metallica	1984
273	Sara	Fleetwood Mac	1980
274	What about us	P!nk	2017
275	Kashmir	Led Zeppelin	1975
276	Haus am See	Peter Fox	2009
277	Sex on fire	Kings of Leon	2008
278	Ne me quitte pas	Jacques Brel	1965
279	Graceland	Paul Simon	1987
280	I'm gonna be (500 miles)	The Proclaimers	1988
281	The man with the child in his eyes	Kate Bush	1978
282	Nothing compares 2 U	Sinéad O'Connor	1990
283	Ruthless queen	Kayak	1979
284	Sweet home Alabama	Lynyrd Skynyrd	1974
285	Do I wanna know?	Arctic Monkeys	2013
286	Every breath you take	The Police	1983
287	When we were young	Adele	2015
288	Dancing in the dark	Bruce Springsteen	1984
289	Worn down piano	Mark & Clark Band	1977
290	Psycho	Muse	2015
291	November	Rowwen Hèze	2000
292	Smooth Criminal	Michael Jackson	1988
293	Zo stil	BLØF	2011
294	Wind of change	Scorpions	1991
295	Don't give up	Kate Bush & Peter Gabriel	1986
296	Formidable	Stromae	2013
297	Harder dan ik hebben kan	BLØF	1999
298	Forever young	Alphaville	1984
299	Iris	Goo Goo Dolls	1999
300	I say a little prayer	Aretha Franklin	1968
301	Paranoid Android	Radiohead	1997
302	California dreamin'	The Mamas and the Papas	1966
303	Hold the line	Toto	1979
304	(I can't get no) satisfaction	The Rolling Stones	1965
305	The unforgiven	Metallica	1991
306	The cave	Mumford & Sons	2009
307	Echoes	Pink Floyd	1971
308	Dat ik je mis	Maaike Ouboter	2013
309	99 Luftballons	Nena	1983
310	Insomnia	Faithless	1995
311	Another love	Tom Odell	2012
312	I was made for lovin' you	Kiss	1979
313	More than a feeling	Boston	1977
314	Troy	Sinéad O'Connor	1987
315	The day before you came	ABBA	1982
316	Another day in paradise	Phil Collins	1989
317	Valerie	Amy Winehouse & Mark Ronson	2007
318	White Rabbit	Jefferson Airplane	1970
319	Sweet Caroline	Neil Diamond	1969
320	Against all odds (take a look at me now)	Phil Collins	1984
321	Take on me	a-ha	1985
322	Can't Help Falling in Love with You	Elvis Presley	1961
323	Demons	Imagine Dragons	2012
324	Atemlos durch die Nacht	Helene Fischer	2013
325	Mamma mia	ABBA	1975
326	Du	Peter Maffay	1971
327	Take me to church	Hozier	2013
328	In your arms	Chef'Special	2014
329	I walk the line	Johnny Cash	1956
330	Oerend hard	Normaal	1977
331	She sells sanctuary	The Cult	1986
332	The man who sold the world	Nirvana	1994
333	Time	Pink Floyd	1973
334	Streets	Kensington	2014
335	Free bird	Lynyrd Skynyrd	1974
336	Believer	Imagine Dragons	2017
337	This is what it feels like	Armin van Buuren	2013
338	Somewhere only we know	Keane	2004
339	Sweet dreams	Eurythmics	1983
340	Little lion man	Mumford & Sons	2009
341	Castle on the hill	Ed Sheeran	2017
342	Mama	Genesis	1983
343	Human	Rag'n'Bone Man	2016
344	De vlieger	André Hazes	1977
345	My immortal	Evanescence	2003
346	Uptown Funk	Mark Ronson & Bruno Mars	2014
347	A horse with no name	America	1972
348	With a little help from my friends	Joe Cocker	1968
349	Jesus to a Child	George Michael	1996
350	Redemption Song	Bob Marley	1980
351	Life on Mars?	David Bowie	1971
352	Bat out of hell	Meat Loaf	1977
353	Als ze er niet is	De Dijk	1994
354	Blue monday	New Order	1983
355	One of these nights	Eagles	1975
356	The logical song	Supertramp	1979
357	Starman	David Bowie	1972
358	Twilight zone	Golden Earring	1982
359	When doves cry	Prince	1984
360	Whatever it takes	Imagine Dragons	2017
361	Leave the light on	Beth Hart	2003
362	Money	Pink Floyd	1973
363	Window of my eyes	Cuby + Blizzards	1968
364	Crazy Little Thing Called Love	Queen	1979
365	Silent Lucidity	Queensryche	1991
366	Hey Joe	Jimi Hendrix Experience	1967
367	War	Kensington	2014
368	Rockin' in the free world	Neil Young	1989
369	Rehab	Amy Winehouse	2007
370	Brown eyed girl	Van Morrison	1967
371	My way	Frank Sinatra	1969
372	Romeo and Juliet	Dire Straits	1980
373	Can I play with madness	Iron Maiden	1988
374	Op fietse	Skik	1997
375	You shook me all night long	AC/DC	1980
376	Snow	Red Hot Chili Peppers	2006
377	Baba O'Riley	The Who	1971
378	Happy	Pharrell Williams	2013
379	Learn to fly	Foo Fighters	1999
380	Paradise	Coldplay	2011
381	Heading Up High	Kensington & Armin van Buuren	2015
382	Liefs uit Londen	BLØF	1998
383	Blauw	The Scene	1991
384	Aan de kust	BLØF	1998
385	Eagle	ABBA	1978
386	Mother Earth	Within Temptation	2002
387	Stop loving you	Toto	1988
388	Penny Lane	The Beatles	1967
389	Treur niet (Ode aan het leven)	Diggy Dex feat. JW Roy	2015
390	Smokers outside the hospital doors	Editors	2007
391	Take it easy	Eagles	1972
392	Dirty Diana	Michael Jackson	1988
393	Basket case	Green Day	1994
394	Suzanne	Leonard Cohen	1968
395	Niemand in de stad	De Dijk	1990
396	Folsom prison blues (live in Folsom prison)	Johnny Cash	1957
397	Vienna	Ultravox	1981
398	Verdronken vlinder	Boudewijn de Groot	1970
399	Feel	Robbie Williams	2002
400	All of me	John Legend	2013
401	Love will tear us apart	Joy Division	1980
402	Whiskey in the Jar	Metallica	1999
403	I want to know what love is	Foreigner	1984
404	The whole of the moon	The Waterboys	1986
405	Lopen tot de zon komt	Acda en De Munnik	1997
406	Solsbury Hill	Peter Gabriel	1977
407	Une belle histoire	Michel Fugain	1972
408	Message in a bottle	The Police	1979
409	Poison	Alice Cooper	1989
410	I would stay	Krezip	2000
411	Dansen aan zee	BLØF	2000
412	Empire State of Mind	Alicia Keys	2009
413	Waterloo	ABBA	1974
414	Vincent	Don McLean	1972
415	Geef mij je angst	André Hazes	1984
416	Estranged	Guns N' Roses	1994
417	Born in the USA	Bruce Springsteen	1985
418	I Am... I Said	Neil Diamond	1971
419	The A Team	Ed Sheeran	2011
420	Margherita	Marco Borsato	1996
421	Plug in baby	Muse	2001
422	I Want It All	Queen	1989
423	Samba pa ti	Santana	1973
424	Immigrant Song	Led Zeppelin	1971
425	Don't Let the Sun Go Down on Me	George Michael & Elton John	1991
426	The final countdown	Europe	1986
427	De vondeling van Ameland	Boudewijn de Groot	2004
428	New Year's Day	U2	1983
429	Let her go	Passenger	2012
430	Wake me up when September ends	Green Day	2005
431	Geef mij je angst	Guus Meeuwis	2004
432	Do I ever	Kensington	2016
433	Patience	Guns N' Roses	1988
434	Bliss	Muse	2001
435	They Don't Care About Us	Michael Jackson	1996
436	Halo	Beyoncé	2009
437	Feel Good Inc.	Gorillaz	2005
438	Thank you for the music	ABBA	1978
439	Chandelier	Sia	2014
440	Kiss from a Rose	Seal	1994
441	Eye in the sky	The Alan Parsons Project	1982
442	Supermassive black hole	Muse	2006
443	De Peel in brand	Rowwen Hèze	2005
444	The great gig in the sky	Pink Floyd	1973
445	Wicked Game	Chris Isaak	1991
446	Rainbow in the Sky	DJ Paul Elstak	1995
447	I will always love you	Whitney Houston	1992
448	Good vibrations	The Beach Boys	1966
449	Born slippy	Underworld	1996
450	Even Flow	Pearl Jam	1991
451	Ain't no sunshine	Bill Withers	1971
452	Halo of flies	Alice Cooper	1973
453	God is a DJ	Faithless	1998
454	Somebody that I used to know	Gotye	2011
455	Wonderful tonight	Eric Clapton	1988
456	Tribute	Tenacious D	2001
457	Unfinished sympathy	Massive Attack	1991
458	Thunder	Imagine Dragons	2017
459	Think	Aretha Franklin	1968
460	Time in a bottle	Jim Croce	1973
461	32 jaar (Sinds 1 dag of 2)	Doe Maar	1981
462	Golden Brown	The Stranglers	1982
463	Birds	Anouk	2013
464	Still loving you	Scorpions	1987
465	Halt mich	Herbert Grönemeyer	1988
466	Starlight	Muse	2006
467	She	Elvis Costello	1999
468	Everywhere	Fleetwood Mac	1988
469	It's my life	Bon Jovi	2000
470	Laat me / Vivre	Alderliefste & Ramses Shaffy & Liesbeth List	2005
471	Dansen op de vulkaan	De Dijk	1987
472	Lost	Anouk	2005
473	I'm not in love	10cc	1975
474	Hammer to Fall	Queen	1984
475	Can't stop the feeling	Justin Timberlake	2016
476	Papaoutai	Stromae	2013
477	Duurt te lang	Davina Michelle	2018
478	Thunder Road	Bruce Springsteen	1975
479	Fantasy	Earth, Wind & Fire	1978
480	Total Eclipse of the Heart	Bonnie Tyler	1983
481	Stayin' alive	Bee Gees	1978
482	Rocket man	Elton John	1972
483	Breaking the Habit	Linkin Park	2004
484	Last Christmas	Wham!	1984
485	Welterusten, meneer de president	Boudewijn de Groot	1966
486	Tonight	David Bowie & Tina Turner	1988
487	Papa Was a Rollin' Stone	The Temptations	1972
488	She's not there	Santana	1978
489	Like a hurricane	Neil Young	1977
490	Mag het licht uit	De Dijk	1987
491	Superstition	Stevie Wonder	1973
492	Zeg maar niets meer	André Hazes	1982
493	Walk	Foo Fighters	2011
494	Linger	The Cranberries	1993
495	Ben	Michael Jackson	1972
496	Scar Tissue	Red Hot Chili Peppers	1999
497	Numb/Encore	Jay Z vs. Linkin Park	2003
498	I Will Wait	Mumford & Sons	2012
499	Strong	London Grammar	2014
500	Landslide	Fleetwood Mac	1975
501	Million years ago	Adele	2015
502	Let's dance	David Bowie	1983
503	Ik heb je lief	Paul de Leeuw	1997
504	Under The Pressure	The War on Drugs	2014
505	Lay all your love on me	ABBA	1981
506	Amígo	Chef'Special	2016
507	A kind of magic	Queen	1986
508	A boy named Sue	Johnny Cash	1969
509	Ain't Got No, I Got Life	Nina Simone	1968
510	Freedom	George Michael	1990
511	Rosanna	Toto	1982
512	Where Did You Sleep Last Night (unplugged)	Nirvana	1994
513	Our house	Crosby, Stills, Nash & Young	1970
514	Baker street	Gerry Rafferty	1978
515	Michel	Anouk	2000
516	Time to say goodbye	Andrea Bocelli & Sarah Brightman	1997
517	Down Under	Men at Work	1982
518	Is She Really Going Out with Him?	Joe Jackson	1979
519	Always on my mind	Elvis Presley	1972
520	Teardrop	Massive Attack	1998
521	Sad but True	Metallica	1993
522	Cowboys and Angels	George Michael	1991
523	Mutter	Rammstein	2002
524	Mrs. Robinson	Simon & Garfunkel	1968
525	Annie's Song	John Denver	1976
526	You'll Be in My Heart	Phil Collins	1999
527	Don't give up the fight	Racoon	2011
528	Dreadlock holiday	10cc	1978
529	Light my fire	The Doors	1967
530	I don’t want to miss a thing	Aerosmith	1998
531	What a Wonderful World	Louis Armstrong	1968
532	Chan Chan	Buena Vista Social Club	1997
533	Try	P!nk	2012
534	9 Crimes	Damien Rice	2006
535	Have I told you lately	Van Morrison	1989
536	Like the Way I Do	Melissa Etheridge	1989
537	The power of love	Frankie Goes to Hollywood	1984
538	Holding back the years	Simply Red	1985
539	Ren Lenny ren	Acda en De Munnik	2002
540	Who'll Stop the Rain	Creedence Clearwater Revival	1970
541	One step beyond	Madness	1979
542	American pie	Don McLean	1972
543	Ironic	Alanis Morissette	1995
544	Rood	Marco Borsato	2006
545	Lola (live)	The Kinks	1980
546	Sorry	Nothing but Thieves	2017
547	The man who can't be moved	The Script	2008
548	Zonder jou	Paul de Leeuw & Simone Kleinsma	1995
549	Sign “☮” the Times	Prince	1987
550	High hopes	Pink Floyd	1994
551	Changes	2Pac	1998
552	Wild horses	The Rolling Stones	1971
553	Narcotic	Liquido	1998
554	Little black submarines	The Black Keys	2012
555	Dat komt door jou	Guus Meeuwis	2009
556	Don't Fear the Reaper	Blue Öyster Cult	1976
557	Dreamer	Supertramp	1974
558	Tusk	Fleetwood Mac	1979
559	Groot hart	De Dijk	1985
560	Gimme! Gimme! Gimme! (a man after midnight)	ABBA	1979
561	Running up that hill	Kate Bush	1985
562	Toen ik je zag	Hero	1997
563	Everything now	Arcade Fire	2017
564	I want you	Elvis Costello	1986
565	Sometimes it snows in April	Prince & The Revolution	1986
566	Eleanor Rigby	The Beatles	1966
567	Tougher Than the Rest	Bruce Springsteen	1988
568	Hard Sun	Eddie Vedder	2007
569	Come Together	The Beatles	1969
570	American idiot	Green Day	2004
571	Leningrad	Billy Joel	1989
572	Jailhouse rock	Elvis Presley	1957
573	My hometown	Bruce Springsteen	1986
574	Clint Eastwood	Gorillaz	2001
575	Into My Arms	Nick Cave & The Bad Seeds	1997
576	Diamonds	The Boxer Rebellion	2013
577	Non, je ne regrette rien	Edith Piaf	1961
578	Otherside	Red Hot Chili Peppers	2000
579	Sign of the times	Harry Styles	2017
580	The Boys of Summer	Don Henley	1985
581	La grange	ZZ Top	1973
582	Maid of Orleans	O.M.D.	1982
583	Rhiannon (Will You Ever Win)	Fleetwood Mac	1976
584	Fields of gold	Eva Cassidy	1998
585	Video Games	Lana Del Rey	2011
586	Nightswimming	R.E.M.	1992
587	Strawberry fields forever	The Beatles	1967
588	Riddles	Kensington	2014
589	Alive and Kicking	Simple Minds	1985
590	Photograph	Ed Sheeran	2014
591	Black or White	Michael Jackson	1991
592	In the blood	John Mayer	2017
593	Something just like this	The Chainsmokers & Coldplay	2017
594	Such a Shame	Talk Talk	1984
595	River Deep - Mountain High	Ike & Tina Turner	1966
596	Rebel Rebel	David Bowie	1974
597	Slippery people (live)	Talking Heads	1985
598	Like a Rolling Stone	Bob Dylan	1965
599	Layla	Derek and the Dominos	1971
600	Year of the cat	Al Stewart	1977
601	Red red wine	UB40	1983
602	Does youw mother know	ABBA	1979
603	Heal the World	Michael Jackson	1992
604	Songbird	Fleetwood Mac	1977
605	Blowin' in the wind	Bob Dylan	1963
606	Fat Bottomed Girls	Queen	1978
607	Badlands	Bruce Springsteen	1978
608	Wonderfull Days	Charly Lownoise & Mental Theo	1995
609	Lazarus	David Bowie	2016
610	Black magic woman	Santana	1970
611	Chiquitita	ABBA	1979
612	Limburg (kwestie van geduld)	Rowwen Hèze	1996
613	Just give me a reason	Pink & Nate Ruess	2012
614	Conquest of paradise	Vangelis	1995
615	Private dancer	Tina Turner	1984
616	Hey You	Pink Floyd	1979
617	I Feel Love	Donna Summer	1977
618	Psycho killer	Talking Heads	1978
619	Slowdancing in a burning room	John Mayer	2006
620	Hocus pocus	Focus	1971
621	Yesterday When I Was Young	Charles Aznavour	1970
622	Little Lies	Fleetwood Mac	1987
623	Go like Elijah	Chi Coltrane	1973
624	Dark Necessities	Red Hot Chili Peppers	2016
625	Ik kan het niet alleen	De Dijk	1989
626	Father Figure	George Michael	1988
627	Always	Bon Jovi	1994
628	You're so vain	Carly Simon	1973
629	How Deep Is Your Love	Bee Gees	1977
630	Faith	George Michael	1987
631	Calm after the storm	The Common Linnets	2014
632	Pompeii	Bastille	2013
633	Leaving on a Jet Plane	John Denver	1969
634	Runnin' with the Devil	Van Halen	1980
635	You know I'm no good	Amy Winehouse	2007
636	Amsterdam	Nothing but Thieves	2017
637	Us and Them	Pink Floyd	1974
638	Voodoo child	Jimi Hendrix Experience	1968
639	I bet you look good on the dancefloor	Arctic Monkeys	2005
640	Morning has broken	Cat Stevens	1972
641	Liefde van later	Herman van Veen	1969
642	You're my best friend	Queen	1976
643	Black Betty	Ram Jam	1978
644	Cloudbusting	Kate Bush	1985
645	I'd Do Anything for Love (But I Won't Do That)	Meat Loaf	1993
646	I will survive	Gloria Gaynor	1979
647	Bloedend hart	De Dijk	1982
648	Easy Livin'	Uriah Heep	1973
649	Eye of the Tiger	Survivor	1982
650	Jump	Van Halen	1984
651	My boy	Elvis Presley	1975
652	Never be clever	Herman Brood & His Wild Romance	1979
653	One more light	Linkin Park	2017
654	Mijn houten hart	De Poema's	1999
655	Gravity	John Mayer	2006
656	Champagne supernova	Oasis	1995
657	Here I go again	Whitesnake	1987
658	Wrong	Novastar	1999
659	Zelfs je naam is mooi	Henk Westbroek	1998
660	Daughters	John Mayer	2005
661	Walk on the wild side	Lou Reed	1973
662	Owner of a lonely heart	Yes	1983
663	Whatever you want	Status Quo	1979
664	Overcome	Live	2001
665	Hometown glory	Adele	2007
666	Why tell me why	Anita Meyer	1981
667	Niet of nooit geweest	Acda en De Munnik	1998
668	Magic	Coldplay	2014
669	Stand by me	Ben E. King	1987
670	A Different Corner	George Michael	1986
671	Fly me to the moon	Frank Sinatra	1964
672	The thrill is gone	B.B. King	1969
673	Hier kom ik weg	Daniël Lohues	2008
674	Son of a Preacher Man	Dusty Springfield	1968
675	Jimmy	Boudewijn de Groot	1973
676	You Can Call Me Al	Paul Simon	1986
677	I Gotta Feeling	The Black Eyed Peas	2009
678	L.A. woman	The Doors	1971
679	There is a light that never goes out	The Smiths	1986
680	Little Wing	Jimi Hendrix	1969
681	Teach your children	Crosby, Stills, Nash & Young	1970
682	Don't Cry	Guns N' Roses	1991
683	Boogie Wonderland	Earth, Wind & Fire feat. The Emotions	1979
684	Circle of Life	Elton John	1994
685	The Wind Cries Mary	Jimi Hendrix Experience	1967
686	Roll over lay down	Status Quo	1975
687	I Will Follow	U2	1982
688	Take me out	Franz Ferdinand	2004
689	Going to the Run	Golden Earring	1991
690	Afscheid nemen bestaat niet	Marco Borsato	2003
691	Galway girl	Ed Sheeran	2017
692	The turn of a friendly card	The Alan Parsons Project	1980
693	Bring me to life	Evanescence	2003
694	Long Blond Animal	Golden Earring	1980
695	Witch Doctor	De Staat	2014
696	België (is er leven op Pluto...)	Het Goede Doel	1982
697	Hald mich 's vas	Neet oét Lottum	2005
698	Bright eyes	Art Garfunkel	1979
699	She's a Rainbow	The Rolling Stones	1967
700	I Alone	Live	1994
701	Don't stop	Fleetwood Mac	1977
702	De verzoening	Frank Boeijen Groep	1987
703	(Everything I do) I do it for you	Bryan Adams	1991
704	Alles geprobeerd	Het Goede Doel	1986
705	Albatross	Fleetwood Mac	1969
706	Der Weg	Herbert Grönemeyer	2002
707	In the Dutch Mountains	Nits	1987
708	Het is een nacht... (Levensecht)	Guus Meeuwis & Vagant	1995
709	Lyin' Eyes	Eagles	1975
710	1999	Prince	1982
711	Where Is the Love?	The Black Eyed Peas	2003
712	Land of Confusion	Genesis	1986
713	Father and Son	Cat Stevens	1971
714	Bicycle Race	Queen	1978
715	Tunnel of Love	Dire Straits	1980
716	So long Marianne	Leonard Cohen	1968
717	Would?	Alice in Chains	1992
718	You Are So Beautiful	Joe Cocker	1975
719	Time to give	White Lies	2018
720	What It Is	Mark Knopfler	2000
721	Zij maakt het verschil	De Poema's	2001
722	A Night Like This	Caro Emerald	2009
723	Use somebody	Kings of Leon	2008
724	Nothing Rhymed	Gilbert O'Sullivan	1971
725	Everglow	Coldplay	2015
726	White Room	Cream	1968
727	One of these days	Pink Floyd	1971
728	Like a prayer	Madonna	1989
729	Firth of Fifth	Genesis	1973
730	The Fool on the Hill	The Beatles	1967
731	Almost cut my hair	Crosby, Stills, Nash & Young	1971
732	Tie Your Mother Down	Queen	1977
733	Be My Number Two	Joe Jackson	1984
734	Sabotage	Beastie Boys	1994
735	Let It Happen	Tame Impala	2015
736	Shallow	Lady Gaga & Bradley Cooper	2018
737	Johnny B. Goode	Chuck Berry	1958
738	Good Riddance (Time of Your Life)	Green Day	1997
739	I Still Cry	Ilse DeLange	2000
740	Zij	Marco Borsato	2002
741	Love Hurts	Nazareth	1974
742	Come on Eileen	Dexys Midnight Runners	1982
743	You give love a bad name	Bon Jovi	1986
744	Song 2	Blur	1997
745	Alone	Heart	1987
746	Lemon tree	Fool's Garden	1996
747	Tubular Bells	Mike Oldfield	1974
748	The Way You Make Me Feel	Michael Jackson	1987
749	Turning tables	Adele	2011
750	The Times They Are a-Changin'	Bob Dylan	1965
751	Not an addict	K's Choice	1996
752	China girl	David Bowie	1983
753	My silver lining	First Aid Kit	2014
754	The Unforgiven II	Metallica	1998
755	Through the barricades	Spandau Ballet	1986
756	Empire State of Mind	Jay Z feat. Alicia Keys	2009
757	Wannabe	Spice Girls	1996
758	So Lonely	The Police	1979
759	The weight	The Band	1968
760	One way wind	The Cats	1971
761	All I want is you	U2	1989
762	Ordinary Love	U2	2013
763	State of Independence	Donna Summer	1982
764	Band on the run	Paul McCartney & Wings	1974
765	Hallelujah	Lisa	2009
766	Can't stop loving you	Phil Collins	2002
767	24K Magic	Bruno Mars	2016
768	Ashes to ashes	David Bowie	1980
769	Bridges	Kensington	2017
770	Need Your Love So Bad	Fleetwood Mac	1968
771	Home again	Kensington	2013
772	Self Esteem	The Offspring	1995
773	Human nature	Michael Jackson	1983
774	Trouble	Coldplay	2000
775	Sweet Goodbyes	Krezip	2009
776	Vivo per lei	Andrea Bocelli & Giorgia	1996
777	Mooi	Marco Borsato	2015
778	Take this waltz	Leonard Cohen	1986
779	Once upon a time in the west	Ennio Morricone	1968
780	Liverpool rain	Racoon	2012
781	You're the first, the last, my everything	Barry White	1974
782	Get lucky	Daft Punk	2013
783	Don't Dream It's Over	Crowded House	1987
784	Sebastian	Steve Harley & Cockney Rebel	1973
785	Jungleland	Bruce Springsteen	1975
786	The passenger	Iggy Pop	1977
787	Miracle	Ilse DeLange	2008
788	Sailing	Rod Stewart	1975
789	How you gonna see me now	Alice Cooper	1979
790	Frozen	Madonna	1998
791	Knockin' on heaven's door	Bob Dylan	1973
792	Chasing pavements	Adele	2008
793	The Best	Tina Turner	1989
794	Waterfront	Simple Minds	1983
795	Lippy Kids	Elbow	2011
796	Home	Dotan	2014
797	I have a dream	ABBA	1979
798	Tears dry on their own	Amy Winehouse	2006
799	Suzie Q	Creedence Clearwater Revival	1968
800	Breakfast in America	Supertramp	1979
801	Titanium	David Guetta & Sia	2011
802	Beautiful Noise	Neil Diamond	1976
803	New Kid in Town	Eagles	1977
804	Mr. Jones	Counting Crows	1994
805	Best of You	Foo Fighters	2005
806	If You Leave Me Now	Chicago	1976
807	Addicted to you	Avicii	2013
808	Weak	Skunk Anansie	1995
809	Sgt. Pepper's Lonely Hearts Club Band	The Beatles	1967
810	Denis	Blondie	1978
811	You want it darker	Leonard Cohen	2016
812	Islands in the stream	Dolly Parton & Kenny Rogers	1983
813	Kingston Town	UB40	1990
814	All I Want for Christmas Is You	Mariah Carey	1994
815	All star	Smash Mouth	1999
816	Breakthru	Queen	1989
817	'39	Queen	1975
818	Lucy in the Sky with Diamonds	The Beatles	1967
819	Kom terug	Spinvis	2011
820	Is dit nou later?	Stef Bos	1990
821	Everybody Wants to Rule the World	Tears for Fears	1985
822	Knowing me, knowing you	ABBA	1977
823	The Family Tree	Venice	1999
824	Never Gonna Give You Up	Rick Astley	1987
825	Auto, vliegtuug	Rowwen Hèze	1999
826	Dani California	Red Hot Chili Peppers	2006
827	Lust for life	Iggy Pop	1977
828	Binnen zonder kloppen	De Dijk	1985
829	Human	The Killers	2008
830	Lullaby	The Cure	1989
831	Blaosmuziek	Gé Reinders	1999
832	Driving Home for Christmas	Chris Rea	1986
833	The Long and Winding Road	The Beatles	1970
834	Wild is the wind	David Bowie	1976
835	Never Tear Us Apart	INXS	1988
836	Start Me Up	The Rolling Stones	1981
837	Without Me	Eminem	2002
838	Anyplace Anywhere Anytime	Nena & Kim Wilde	2003
839	How you remind me	Nickelback	2001
840	One Vision	Queen	1985
841	All I need	Air	1999
842	Woman in love	Barbra Streisand	1980
843	Motorcycle Emptiness	Manic Street Preachers	1992
844	Go with the flow	Queens of the Stone Age	2003
845	Gangsta's paradise	Coolio feat. L.V.	1995
846	Sunny days	Armin van Buuren ft. Josh Cumbee	2017
847	Let me entertain you	Robbie Williams	1998
848	Hurt	Christina Aguilera	2006
849	Man on the moon	R.E.M.	1992
850	Disarm	The Smashing Pumpkins	2003
851	Don't stop 'til you get enough	Michael Jackson	1979
852	Just a little bit of peace in my heart	Golden Earring	1968
853	Mr. Bojangles	Robbie Williams	2001
854	I follow rivers	Triggerfinger	2012
855	Sharp dressed man	ZZ Top	1985
856	Smack My Bitch Up	The Prodigy	1997
857	Winter	Tori Amos	1992
858	At Last	Etta James	1960
859	Sexual healing	Marvin Gaye	1982
860	Nikita	Elton John	1985
861	Jesus He Knows Me	Genesis	1992
862	Diamonds on the Soles of Her Shoes	Paul Simon	1986
863	Give a little bit	Supertramp	1977
864	Het land van...	Lange Frans & Baas B	2005
865	Where the Wild Roses Grow	Kylie Minogue & Nick Cave	1995
866	Sailing to Philadelphia	Mark Knopfler & James Taylor	2000
867	Watskeburt?!	De Jeugd van Tegenwoordig	2005
868	Stressed out	Twenty One Pilots	2015
869	Take a chance on me	ABBA	1977
870	Mercedes Benz	Janis Joplin	1970
871	Tinseltown in the rain	The Blue Nile	1984
872	Wat zou je doen	BLØF	1998
873	Girl	Anouk	2004
874	Drops of Jupiter (Tell Me)	Train	2001
875	Mooie dag	BLØF	2002
876	El cóndor pasa	Simon & Garfunkel	1970
877	Time Is Running Out	Muse	2003
878	Feeling Good	Nina Simone	1965
879	So Long	Fischer-Z	1980
880	Glory Days	Bruce Springsteen	1984
881	Zwart wit	Frank Boeijen Groep	1984
882	Blauwe ruis	BLØF	2002
883	I Just Can't Help Believin'	Elvis Presley	1972
884	Norwegian wood	The Beatles	1965
885	Born to be wild	Steppenwolf	1968
886	One word	Anouk	2005
887	Easy Lover	Phil Collins & Philip Bailey	1985
888	Shape of my heart	Sting	1993
889	Zandloper	Typhoon	2014
890	Adventure of a lifetime	Coldplay	2015
891	Musica è	Eros Ramazzotti	1989
892	Happy New Year	ABBA	1980
893	Porcelain	Moby	1999
894	Real Men	Joe Jackson	1982
895	Als het vuur gedoofd is	Acda en De Munnik	1997
896	So Far Away	Dire Straits	1985
897	One of us	ABBA	1981
898	Gimme all your lovin'	ZZ Top	1984
899	Could You Be Loved	Bob Marley & The Wailers	1980
900	No mercy	Racoon	2011
901	I Want It That Way	Backstreet Boys	1999
902	Hymn for the Weekend	Coldplay & Beyoncé	2016
903	You've got a friend	Carole King	1971
904	Russians	Sting	1985
905	21 Guns	Green Day	2009
906	Autobahn	Kraftwerk	1975
907	Sound and Vision	David Bowie	1977
908	1979	The Smashing Pumpkins	1996
909	Once in a Lifetime	Talking Heads	1981
910	De bom	Doe Maar	1982
911	In nije dei	De Kast	1997
912	Con te partirò	Andrea Bocelli	1996
913	Heart-Shaped Box	Nirvana	1993
914	Daar gaat ze	Clouseau	1990
915	Take the long way home	Supertramp	1979
916	Droomland	Paul de Leeuw & André Hazes	1993
917	Isn't she lovely?	Stevie Wonder	1976
918	Lover of the Light	Mumford & Sons	2012
919	For bitter or worse	Anouk	2009
920	Follow You Follow Me	Genesis	1978
921	Walking on the Moon	The Police	1979
922	Trapped	Bruce Springsteen	1985
923	Prachtig mooie dag	Daniël Lohues	2011
924	Brown Sugar	The Rolling Stones	1971
925	No Surprises	Radiohead	1998
926	Belle Hélène	Doe Maar	1982
927	Madness	Muse	2012
928	Suzanne	Herman van Veen	1969
929	Heaven	Bryan Adams	1985
930	De neus omhoeg	Rowwen Hèze	1995
931	Help!	The Beatles	1965
932	I Heard It Through the Grapevine	Marvin Gaye	1969
933	Give Me Love	Ed Sheeran	2012
934	Everybody Needs Somebody to Love	The Blues Brothers	1989
935	Firestarter	The Prodigy	1996
936	This is the life	Amy Macdonald	2008
937	Purple Haze	Jimi Hendrix Experience	1967
938	Every Little Thing She Does Is Magic	The Police	1981
939	You do something to me	Paul Weller	1995
940	School's out	Alice Cooper	1972
941	Can't Stop	Red Hot Chili Peppers	2002
942	When the sun goes down	Arctic Monkeys	2006
943	Water under the bridge	Adele	2016
944	Unchained Melody	The Righteous Brothers	1965
945	Have a Little Faith in Me	John Hiatt	1989
946	I Wanna Dance with Somebody (Who Loves Me)	Whitney Houston	1987
947	Raspberry Beret	Prince & The Revolution	1985
948	What's Up?	4 Non Blondes	1993
949	The Real Slim Shady	Eminem	2000
950	Unchain My Heart	Joe Cocker	1987
951	Fernando	ABBA	1976
952	MacArthur Park	Donna Summer	1978
953	Waves	Mr. Probz	2013
954	Cocaine	Eric Clapton	1978
955	You	Ten Sharp	1991
956	Waiting on a Friend	The Rolling Stones	1981
957	Our house	Madness	1982
958	Mad world	Michael Andrews feat. Gary Jules	2002
959	Venus	Shocking Blue	1969
960	Undisclosed Desires	Muse	2009
961	Dancing in the Street	David Bowie & Mick Jagger	1985
962	Something	The Beatles	1969
963	Lea	The Cats	1968
964	I Wish It Would Rain Down	Phil Collins	1990
965	Carry on wayward son	Kansas	1977
966	Nine Million Bicycles	Katie Melua	2005
967	Tranen gelachen	Guus Meeuwis	2007
968	Bad	Michael Jackson	1987
969	Question	Moody Blues	1970
970	Kristallnaach	BAP	1983
971	Flink zijn	Robert Long	1977
972	I Heard It Through the Grapevine	Creedence Clearwater Revival	1973
973	Waitin' on a Sunny Day	Bruce Springsteen	2003
974	Super trouper	ABBA	1980
975	Alles is liefde	BLØF	2007
976	The lady in red	Chris de Burgh	1986
977	Animals	Martin Garrix	2013
978	My Heart Will Go On	Céline Dion	1998
979	Road Trippin'	Red Hot Chili Peppers	1999
980	Only Time	Enya	2000
981	On top of the world	Imagine Dragons	2013
982	All for nothing	Kensington	2014
983	Down down	Status Quo	1975
984	I would die 4 U	Prince & The Revolution	1984
985	Little Green Bag	George Baker Selection	1969
986	Give It Away	Red Hot Chili Peppers	1991
987	Voulez-vous	ABBA	1979
988	Free Fallin' (live)	John Mayer	2008
989	Wanted Dead or Alive	Bon Jovi	1987
990	Love is a battlefield	Pat Benatar	1984
991	I'm not so tough	Ilse DeLange	1998
992	Heaven Must Be Missing an Angel	Tavares	1976
993	Smooth Operator	Sade	1984
994	Natural	Imagine Dragons	2018
995	You'll never walk alone	Gerry & the Pacemakers	1963
996	Locomotive Breath	Jethro Tull	1972
997	Tainted love	Soft Cell	1981
998	Kiss	Prince & The Revolution	1986
999	Ik leef niet meer voor jou	Marco Borsato	1996
1000	Ordinary World	Duran Duran	1993
1001	Rain Down on Me	Kane	2002
1002	Too Much Love Will Kill You	Brian May	1992
1003	Miss you	The Rolling Stones	1978
1004	Orinoco Flow (Sail Away)	Enya	1988
1005	Ziggy Stardust	David Bowie	1972
1006	No more tears	Ozzy Osbourne	1991
1007	Since I've been loving you	Led Zeppelin	1970
1008	Het werd zomer	Rob de Nijs	1977
1009	Speeltuin	Marco Borsato	1998
1010	Alie	Normaal	1977
1011	About a Girl	Nirvana	1989
1012	Father and friend	Alain Clark	2008
1013	Hunger Strike	Temple of the Dog	1991
1014	Shout	Tears for Fears	1985
1015	People Are Strange	The Doors	1967
1016	Ik wou dat ik jou was	Veldhuis & Kemper	2003
1017	Cry Baby	Janis Joplin	1971
1018	Memory	Barbra Streisand	1982
1019	Driver's Seat	Sniff 'n' the Tears	1980
1020	Stand My Ground	Within Temptation	2004
1021	Break on through (to the other side)	The Doors	1967
1022	On every street	Dire Straits	1992
1023	Smalltown Boy	Bronski Beat	1984
1024	Moonlight Shadow	Mike Oldfield & Maggie Reilly	1983
1025	De waarheid	Marco Borsato	1996
1026	Friends Will Be Friends	Queen	1986
1027	If you tolerate this your children will be next	Manic Street Preachers	1998
1028	Running to Stand Still	U2	1987
1029	Plush	Stone Temple Pilots	1992
1030	Don't Speak	No Doubt	1996
1031	Crime of the Century	Supertramp	1974
1032	Tiny Dancer	Elton John	1971
1033	True Colors	Cyndi Lauper	1986
1034	Luv U More	DJ Paul Elstak	1995
1035	When I Was Your Man	Bruno Mars	2013
1036	Love Like Blood	Killing Joke	1985
1037	A Gentleman's Excuse Me	Fish	1990
1038	Candle in the wind '97	Elton John	1997
1039	Ich bin wie du	Marianne Rosenberg	1976
1040	I Knew You Were Waiting (for Me)	George Michael & Aretha Franklin	1987
1041	Thinking of a place	The War on Drugs	2017
1042	Het Land van Maas en Waal	Boudewijn de Groot	1967
1043	Anne	Herman van Veen	1986
1044	Blackstar	David Bowie	2016
1045	Is dit alles	Doe Maar	1982
1046	Fake Plastic Trees	Radiohead	1995
1047	Bedshaped	Keane	2004
1048	If I Were a Boy	Beyoncé	2008
1049	The Eve of the War	Jeff Wayne & Justin Hayward	1978
1050	Smoorverliefd	Doe Maar	1981
1051	Here Without You	3 Doors Down	2003
1052	I've got dreams to remember	Otis Redding	1968
1053	Spread Your Wings	Queen	1978
1054	Zing voor me	Lange Frans & Thé Lau	2010
1055	Midnight Train to Georgia	Gladys Knight & the Pips	1973
1056	Heaven for Everyone	Queen	1995
1057	Keep your head up	Ben Howard	2011
1058	Tequila Sunrise	Eagles	1973
1059	Guilty	Barbra Streisand & Barry Gibb	1980
1060	Pinball Wizard	The Who	1969
1061	Budapest	George Ezra	2014
1062	Listen to the Music	The Doobie Brothers	1972
1063	The Less I Know the Better	Tame Impala	2015
1064	Hedonism (Just Because You Feel Good)	Skunk Anansie	1997
1065	If you could see me now	The Script	2013
1066	Feeling Good	Michael Bublé	2004
1067	This is not America	David Bowie & Pat Metheny Group	1985
1068	De kapitein deel II	Acda en De Munnik	2000
1069	Long As I Can See the Light	Creedence Clearwater Revival	1970
1070	Happiness	Jonathan Jeremiah	2011
1071	The dolphin's cry	Live	1999
1072	Golden years	David Bowie	1976
1073	Love Is a Losing Game	Amy Winehouse	2007
1074	Fool to Cry	The Rolling Stones	1976
1075	So incredible	Ilse DeLange	2008
1076	Absolute beginners	David Bowie	1986
1077	Scarborough Fair	Simon & Garfunkel	1966
1078	Proud Mary	Creedence Clearwater Revival	1969
1079	Nicotine	Chef'Special	2018
1080	Cleanin' Out My Closet	Eminem	2002
1081	L'amour toujours	Gigi D'Agostino	2001
1082	The Next Episode	Dr. Dre ft. Snoop Dogg	2000
1083	The man who sold the world	David Bowie	1972
1084	Burning heart	Vandenberg	1982
1085	Jumpin' Jack Flash	The Rolling Stones	1968
1086	You took the words right out of my mouth (hot summer night)	Meat Loaf	1979
1087	Gaia	Valensia	1993
1088	Love me tender	Elvis Presley	1956
1089	Thank God It's Christmas	Queen	1984
1090	Sovereign Light Café	Keane	2012
1091	Changes	David Bowie	1971
1092	One Moment in Time	Whitney Houston	1988
1093	Top of the World	The Carpenters	1973
1094	Mirrors	Justin Timberlake	2013
1095	Friday I'm in love	The Cure	1992
1096	Both Sides Now	Joni Mitchell	1967
1097	Fluorescent Adolescent	Arctic Monkeys	2007
1098	Peter Gunn Theme	Emerson, Lake & Palmer	1980
1099	Comptine d'un autre été: l'après-midi (Amélie)	Yann Tiersen	2001
1100	Gold	Spandau Ballet	1983
1101	Candy	Iggy Pop & Kate Pierson	1990
1102	Max	Paolo Conte	1988
1103	I'm Still Standing	Elton John	1983
1104	When Love Comes to Town	U2 & B.B. King	1988
1105	Let Love Rule	Lenny Kravitz	1989
1106	My Sweet Lord	George Harrison	1970
1107	Free fallin'	Tom Petty	1989
1108	Keep on Loving You	REO Speedwagon	1981
1109	Crazy on You	Heart	1977
1110	Live and Let Die	Guns N' Roses	1991
1111	Stir it up	Bob Marley & The Wailers	1979
1112	Storm and Thunder	Earth & Fire	1971
1113	Alors on danse	Stromae	2010
1114	Broken Wings	Mr. Mister	1986
1115	Just can't get enough	Depeche Mode	1985
1116	Because the Night	Patti Smith	1978
1117	Family Portrait	Pink	2003
1118	In a Lifetime	Clannad & Bono	1986
1119	Unintended	Muse	1999
1120	Eternal Flame	The Bangles	1989
1121	Speed of sound	Coldplay	2005
1122	Shoes Of Lightning	Racoon	2013
1123	Kan ik iets voor je doen?	De Dijk	2011
1124	Tom Traubert's blues (Four sheets to the wind in Copenhagen)	Tom Waits	1976
1125	Bad Romance	Lady Gaga	2009
1126	Words	Bee Gees	1968
1127	Behind blue eyes	Limp Bizkit	2003
1128	Ruby Tuesday	The Rolling Stones	1967
1129	Can't Hold Us	Macklemore & Ryan Lewis	2011
1130	Michelle	The Beatles	1966
1131	I Am the Walrus	The Beatles	1967
1132	Wereld zonder jou	Marco Borsato & Trijntje Oosterhuis	1997
1133	Beds Are Burning	Midnight Oil	1988
1134	Eloise	Barry Ryan	1968
1135	My Baby Just Cares for Me	Nina Simone	1987
1136	The One I Love	R.E.M.	1987
1137	Dear mama	2Pac	1995
1138	Off the wall	Michael Jackson	1980
1139	Pak maar m'n hand	Nick & Simon	2007
1140	Oh well (part 1)	Fleetwood Mac	1969
1141	Pumped up kicks	Foster the People	2011
1142	Cambodia	Kim Wilde	1981
1143	Message to my girl	Split Enz	1984
1144	Shut Your Eyes	Snow Patrol	2007
1145	You're the Voice	John Farnham	1987
1146	Personal Jesus	Depeche Mode	1989
1147	It's my life	Talk Talk	1984
1148	Shotgun	George Ezra	2018
1149	Non, non, rien n'a changé	Les Poppys	1971
1150	Ode to My Family	The Cranberries	1995
1151	The name of the game	ABBA	1977
1152	Uptown Girl	Billy Joel	1983
1153	All you need is love	The Beatles	1967
1154	The Racing Rats	Editors	2007
1155	Beautiful people	Melanie	1969
1156	Life's What You Make It	Talk Talk	1985
1157	New York State of Mind	Billy Joel	1976
1158	Get Back	The Beatles	1969
1159	If you don't know me by now	Simply Red	1989
1160	One more time	Daft Punk	2000
1161	Jacob's Song	Douwe Bob	2016
1162	How to save a life	The Fray	2005
1163	California Love	2Pac feat. Dr. Dre	1995
1164	Listen	Beyoncé	2006
1165	Glory Box	Portishead	1994
1166	Homesick	Dua Lipa & Chris Martin	2017
1167	Faster	Within Temptation	2011
1168	Listen to your heart	Roxette	1988
1169	Pride and Joy	Stevie Ray Vaughan	1983
1170	Harvest	Neil Young	1972
1171	I'm Yours	Jason Mraz	2008
1172	Just say yes	Snow Patrol	2009
1173	Foto van vroeger	Rob de Nijs	1980
1174	The rising	Bruce Springsteen	2003
1175	Love Never Felt So Good	Michael Jackson & Justin Timberlake	2014
1176	Your Latest Trick	Dire Straits	1985
1177	50 ways to leave your lover	Paul Simon	1976
1178	Nightboat to Cairo	Madness	1980
1179	Burning Love	Elvis Presley	1972
1180	Rumour has it	Adele	2011
1181	The first time ever I saw your face	Roberta Flack	1972
1182	You oughta know	Alanis Morissette	1995
1183	I wish	Stevie Wonder	1977
1184	Dodenrit	Drs. P	1974
1185	Mijn vlakke land	Jacques Brel	1965
1186	New York New York	Frank Sinatra	1980
1187	Lego House	Ed Sheeran	2012
1188	Summertime	Ella Fitzgerald & Louis Armstrong	1957
1189	De weg	Guus Meeuwis	2005
1190	You Can't Hurry Love	Phil Collins	1982
1191	Hello	Lionel Richie	1984
1192	Hemel valt	Typhoon	2014
1193	Faded	Alan Walker	2016
1194	The Boys Are Back in Town	Thin Lizzy	1976
1195	Massachusetts	Bee Gees	1967
1196	Whiskey in the Jar	Thin Lizzy	1973
1197	P.Y.T. (Pretty Young Thing)	Michael Jackson	1982
1198	Four Seasons in One Day	Crowded House	1992
1199	Een beetje verliefd	André Hazes	1981
1200	She Flies on Strange Wings	Golden Earring	1971
1201	Hilversum 3	Herman van Veen	1984
1202	Talk	Coldplay	2005
1203	Are You Gonna Go My Way	Lenny Kravitz	1993
1204	Freak on a Leash	Korn	1998
1205	Barracuda	Heart	1977
1206	In-a-gadda-da-vida	Iron Butterfly	1970
1207	Moondance	Van Morrison	1970
1208	New Gold Dream	Simple Minds	1982
1209	Let's get it on	Marvin Gaye	1973
1210	The air that I breathe	The Hollies	1974
1211	Nederwiet	Doe Maar	1983
1212	San Quentin (live at San Quentin)	Johnny Cash	1969
1213	Epic	Faith No More	1989
1214	Nao 't zuuje	Lex Uiting	2017
1215	Nergens goed voor	De Dijk	1989
1216	Two out of Three Ain't Bad	Meat Loaf	1977
1217	Calypso	John Denver	1975
1218	Live and let die	Paul McCartney & Wings	1973
1219	De bestemming	Marco Borsato	1998
1220	Why Worry	Dire Straits	1985
1221	Three days in a row	Anouk	2009
1222	You can leave your hat on	Joe Cocker	1986
1223	Somebody Told Me	The Killers	2004
1224	Take Five	Dave Brubeck Quartet	1962
1225	You've got a friend	James Taylor	1971
1226	Il volo	Zucchero Fornaciari	1996
1227	Drive	R.E.M.	1992
1228	Disco inferno	The Trammps	1977
1229	Blueberry Hill	Fats Domino	1957
1230	Why Does My Heart Feel So Bad?	Moby	1999
1231	Lonely boy	The Black Keys	2011
1232	I Will Always Love You	Dolly Parton	1983
1233	In my place	Coldplay	2002
1234	Black velvet	Alannah Myles	1990
1235	Wake Me Up Before You Go-Go	Wham!	1984
1236	Hold me	Anouk & Douwe Bob	2015
1237	Daughter	Pearl Jam	1993
1238	Love is all	Roger Glover & Guests	1975
1239	All my life	Foo Fighters	2002
1240	September Morn'	Neil Diamond	1979
1241	9 to 5	Dolly Parton	1981
1242	Road to Nowhere	Talking Heads	1985
1243	You Don't Fool Me	Queen	1996
1244	Baby, can I hold you	Tracy Chapman	1988
1245	Crazy in Love	Beyoncé feat. Jay Z	2002
1246	Aanzoek zonder ringen	BLØF	2006
1247	Love on Top	Beyoncé	2011
1248	Waiting on the world to change	John Mayer	2006
1249	Honky Tonk Women	The Rolling Stones	1969
1250	Vertigo	U2	2004
1251	Run to You	Bryan Adams	1985
1252	Als het golft	De Dijk	2000
1253	All the small things	blink-182	1999
1254	Send Me an Angel	Scorpions	1991
1255	City of blinding lights	U2	2005
1256	Let's go crazy	Prince & The Revolution	1985
1257	Jerusalem	Anouk	2005
1258	Geen kind meer	Karin Bloemen	1996
1259	Every teardrop is a waterfall	Coldplay	2011
1260	Will you be there	Michael Jackson	1993
1261	Big love	Fleetwood Mac	1987
1262	R U kiddin' me	Anouk	1999
1263	A thing called love	Johnny Cash	1972
1264	Holiday	Green Day	2005
1265	Walking in Memphis	Marc Cohn	1991
1266	Nutbush city limits	Ike & Tina Turner	1974
1267	Roundabout	Yes	1972
1268	Baggy Trousers	Madness	1980
1269	Stuck in the middle with you	Stealers Wheel	1973
1270	All I want	Kodaline	2012
1271	Born on the Bayou	Creedence Clearwater Revival	1972
1272	Sledgehammer	Peter Gabriel	1986
1273	De wedstrijd	Bram Vermeulen	1991
1274	Red Eyes	The War on Drugs	2013
1275	As tears go by	The Rolling Stones	1966
1276	Raise Your Glass	Pink	2010
1277	SOS	ABBA	1975
1278	Live to Tell	Madonna	1986
1279	Verdammt Ich Lieb' Dich	Matthias Reim	1990
1280	You'll never walk alone	Lee Towers	1976
1281	Walk This Way	Run-D.M.C.	1986
1282	The Living Years	Mike and the Mechanics	1989
1283	Run the World (Girls)	Beyoncé	2011
1284	Fireflies	Owl City	2009
1285	Binnen	Marco Borsato	1999
1286	Greatest Love of All	Whitney Houston	1986
1287	Night Fever	Bee Gees	1978
1288	Pamela	Toto	1988
1289	Mull of Kintyre	Paul McCartney & Wings	1977
1290	Dromen zijn bedrog	Marco Borsato	1994
1291	Learning to fly	Tom Petty & The Heartbreakers	1991
1292	Wild Rover	The Dubliners	1964
1293	Dog days are over	Florence and the Machine	2008
1294	After midnight	J.J. Cale	1972
1295	Cry me a river	Justin Timberlake	2002
1296	Een mooi verhaal	Alderliefste & Paul de Leeuw	2006
1297	Munich	Editors	2005
1298	I won't give up	Jason Mraz	2012
1299	It Was a Very Good Year	Frank Sinatra	1965
1300	A Change Is Gonna Come	Sam Cooke	1964
1301	Single Ladies (Put a Ring on It)	Beyoncé	2008
1302	Unwritten	Natasha Bedingfield	2005
1303	Iederene hef een reden	Bökkers	2017
1304	Save a Prayer	Duran Duran	1985
1305	Babel	Mumford & Sons	2013
1306	At seventeen	Janis Ian	1975
1307	My Name Is	Eminem	1999
1308	Make me smile (come up and see me)	Steve Harley & Cockney Rebel	1975
1309	Vogue	Madonna	1990
1310	Rock with You	Michael Jackson	1979
1311	Dazed and Confused	Led Zeppelin	1969
1312	Farewell to the Fairground	White Lies	2009
1313	The promise you made	Cock Robin	1986
1314	Ain't no mountain high enough	Marvin Gaye & Tammi Terrell	1967
1315	Praying for time	George Michael	1990
1316	Weather with You	Crowded House	1992
1317	Remedy	The Black Crowes	1992
1318	One love - people get ready	Bob Marley & The Wailers	1984
1319	Flappie	Youp van 't Hek	1981
1320	Don't Bring Me Down	Electric Light Orchestra	1979
1321	By the Way	Red Hot Chili Peppers	2002
1322	Hall of fame	The Script & will.i.am	2012
1323	House for sale	Lucifer	1975
1324	World of hurt	Ilse DeLange	1998
1325	Marian	The Cats	1969
1326	Perhaps Love	John Denver	1981
1327	Wit licht	Jeroen van Koningsbrugge	2015
1328	Just the way you are	Bruno Mars	2010
1329	Do They Know It's Christmas?	Band Aid	1984
1330	L.A. song (Out of this town)	Beth Hart	1999
1331	The Reflex	Duran Duran	1984
1332	The Life I Live	Q65	1966
1333	Blitzkrieg Bop	Ramones	1976
1334	Cold as Ice	Foreigner	1977
1335	I want you	Bob Dylan	1966
1336	It's a Long Way There	Little River Band	1976
1337	Can't Stand Losing You	The Police	1979
1338	Home again	Michael Kiwanuka	2012
1339	Yellow submarine	The Beatles	1966
1340	When I'm Sixty-Four	The Beatles	1967
1341	Fairytale of New York	The Pogues & Kirsty MacColl	1987
1342	Spirit of Radio	Rush	1980
1343	Sowing the Seeds of Love	Tears for Fears	1989
1344	Biko	Peter Gabriel	1980
1345	Gold on the ceiling	The Black Keys	2012
1346	Sky and Sand	Paul Kalkbrenner	2009
1347	Avalon	Roxy Music	1982
1348	Livin' Thing	Electric Light Orchestra	1976
1349	Niggas in Paris	Kanye West	2011
1350	Sloop John B	The Beach Boys	1966
1351	Stranger in Moscow	Michael Jackson	1996
1352	Hey There Delilah	Plain White T's	2007
1353	Crazy	Seal	1991
1354	Homeward Bound	Simon & Garfunkel	1966
1355	Goodbye stranger	Supertramp	1979
1356	As	Mary J. Blige & George Michael	1999
1357	Traffic	Tiësto	2003
1358	Vluchten kan niet meer	Frans Halsema & Jenny Arean	1977
1359	Everybody's Changing	Keane	2004
1360	Mercy	Muse	2015
1361	Love on the Rocks	Neil Diamond	1980
1362	Hey Ya!	OutKast	2004
1363	Tuesday afternoon	Moody Blues	1968
1364	Feeling good	Muse	2001
1365	Mia	Gorki	1992
1366	Somebody Will Know Someday	Cuby + Blizzards	1967
1367	Home	Michael Bublé	2004
1368	Vlieg met me mee	Paul de Leeuw	1992
1369	It must have been love	Roxette	1990
1370	Fly like an eagle	Steve Miller Band	1976
1371	Love yourself	Justin Bieber	2015
1372	Harder, better, faster, stronger	Daft Punk	2001
1373	Why	Annie Lennox	1992
1374	The Saints Are Coming	U2 & Green Day	2006
1375	In Dreams	Roy Orbison	1963
1376	Live forever	Oasis	1994
1377	London calling	The Clash	1979
1378	Lessons in Love	Level 42	1986
1379	Someone somewhere (in summertime)	Simple Minds	1982
1380	Black Night	Deep Purple	1970
1381	God Save the Queen	Sex Pistols	1977
1382	The Monster	Eminem & Rihanna	2013
1383	It's Time	Imagine Dragons	2013
1384	Rockin' all over the world	Status Quo	1977
1385	Hopeless Wanderer	Mumford & Sons	2013
1386	Glycerine	Bush	1995
1387	(You're the) Devil in disguise	Elvis Presley	1963
1388	Don't Know Why	Norah Jones	2002
1389	Stuck in a Moment You Can't Get Out Of	U2	2000
1390	Hungry heart	Bruce Springsteen	1980
1391	Despacito	Luis Fonsi & Daddy Yankee	2017
1392	Tragedy	Bee Gees	1979
1393	Sir Duke	Stevie Wonder	1977
1394	The Way It Is	Bruce Hornsby & The Range	1986
1395	Dancing on my own	Calum Scott & Tiësto	2016
1396	I'm Going Home	Ten Years After	1971
1397	A ton of love	Editors	2013
1398	Stay with me	Sam Smith	2014
1399	(Something Inside) So Strong	Labi Siffre	1987
1400	Sunshine of Your Love	Cream	1968
1401	Food for thought	UB40	1980
1402	Let There Be Rock	AC/DC	1977
1403	One	Johnny Cash	2000
1404	Unbeschreiblich Weiblich	Nina Hagen	1979
1405	Royals	Lorde	2013
1406	Down on the Corner	Creedence Clearwater Revival	1969
1407	Boys don't cry	The Cure	1986
1408	Don't you worry child	Swedish House Mafia	2012
1409	Bestel mar	Rowwen Hèze	1992
1410	Scenes from an Italian restaurant	Billy Joel	1977
1411	Ben ik te min	Armand	1967
1412	It's a Man's, Man's, Man's World	James Brown	1966
1413	Up&Up	Coldplay	2016
1414	Spicks and Specks	Bee Gees	1967
1415	Kids	MGMT	2007
1416	Theme from 'Harry's Game'	Clannad	1983
1417	Maggie May	Rod Stewart	1971
1418	25 or 6 to 4	Chicago	1970
1419	Shiny Happy People	R.E.M.	1991
1420	Somebody to love	Jefferson Airplane	1970
1421	More Than Words	Extreme	1991
1422	I Can't Make You Love Me	Bonnie Raitt	1991
1423	Havana	Camila Cabello ft. Young Thug	2017
1424	When a man loves a woman	Percy Sledge	1966
1425	Big log	Robert Plant	1983
1426	Make it wit chu	Queens of the Stone Age	2007
1427	Uncertain Smile	The The	1984
1428	Is This Love	Bob Marley & The Wailers	1979
1429	Sunrise	Norah Jones	2004
1430	Stars	Simply Red	1991
1431	Heathens	Twenty One Pilots	2016
1432	Mannish Boy	Muddy Waters	1988
1433	See Me, Feel Me	The Who	1970
1434	Hide in your shell	Supertramp	1974
1435	Wanna Be Startin' Somethin'	Michael Jackson	1983
1436	He Ain't Heavy, He's My Brother	The Hollies	1969
1437	Working Class Hero	John Lennon	1970
1438	Going to a Town	Rufus Wainwright	2007
1439	Voltooid Verleden Tijd	Is Ook Schitterend	1997
1440	She Will Be Loved	Maroon 5	2004
1441	Stay	Rihanna feat. Mikky Ekko	2013
1442	In my life	The Beatles	1965
1443	'n Vriend	André Hazes	1980
1444	Wat zou je doen	Marco Borsato & Ali B	2004
1445	Stiekem gedanst	Toontje Lager	1983
1446	Het is koud zonder jou	André Hazes	1980
1447	Seven Wonders	Fleetwood Mac	1987
1448	Vriendschap	Het Goede Doel	1983
1449	Magnificent (she says)	Elbow	2016
1450	Tumble and Fall	Johan	2001
1451	Guitar man	Elvis Presley	1967
1452	Killing me softly	Fugees	1996
1453	Banger hart	Rob de Nijs	1996
1454	What's love got to do with it	Tina Turner	1984
1455	Tous les mêmes	Stromae	2013
1456	Dust bowl	Joe Bonamassa	2011
1457	Don't Answer Me	The Alan Parsons Project	1984
1458	I Won't Let You Down	Ph.D.	1981
1459	N'oubliez jamais	Joe Cocker	1997
1460	Promises of no man's land	Blaudzun	2014
1461	You and me	Spargo	1980
1462	No Good (Start the Dance)	The Prodigy	1994
1463	White Flag	Dido	2003
1464	Proosten	Guus Meeuwis	2007
1465	Clown	Emeli Sandé	2012
1466	Kijk omhoog	Nick & Simon	2007
1467	Streets of London	Ralph McTell	1972
1468	Ordinary people	John Legend	2005
1469	Moon over Bourbon Street	Sting	1985
1470	Times like these	Foo Fighters	2003
1471	Scared to be lonely	Martin Garrix & Dua Lipa	2017
1472	Mr. Bojangles	Sammy Davis jr.	1972
1473	In Bloom	Nirvana	1991
1474	Black Dog	Led Zeppelin	1971
1475	The Unforgiven III	Metallica	2008
1476	Looking too closely	Fink	2014
1477	This town	Niall Horan	2016
1478	Twist and shout	The Beatles	1963
1479	(You gotta) fight for your right (to party!)	Beastie Boys	1987
1480	Mary Jane’s last dance	Tom Petty	1993
1481	Tell Him	Céline Dion & Barbra Streisand	1997
1482	Dyna-mite	Mud	1974
1483	The Worker	Fischer-Z	1979
1484	World gone mad	Bastille	2017
1485	Working on a dream	Bruce Springsteen	2008
1486	Europa (Earth's cry Heaven's smile)	Santana	1978
1487	Memories	Earth & Fire	1972
1488	San Francisco (Be Sure to Wear Flowers in Your Hair)	Scott McKenzie	1967
1489	Les lacs du Connemara	Michel Sardou	1982
1490	La Solitudine	Laura Pausini	1993
1491	I want you back	The Jacksons	1970
1492	Diamonds	Rihanna	2012
1493	I sat by the ocean	Queens of the Stone Age	2013
1494	Beautiful goodbye	Amanda Marshall	1995
1495	Everything	Michael Bublé	2007
1496	Heartbreak Warfare	John Mayer	2009
1497	Oxygène IV	Jean-Michel Jarre	1977
1498	Angel of Harlem	U2	1988
1499	Thank God I'm a Country Boy	John Denver	1975
1500	Diane	Therapy?	1995
1501	Pa	Doe Maar	1983
1502	Lady Jane	The Rolling Stones	1966
1503	I Want You to Want Me	Cheap Trick	1979
1504	Breakeven	The Script	2008
1505	Josephine	Chris Rea	1985
1506	Superheroes	The Script	2014
1507	You Have Been Loved	George Michael	1997
1508	Done with it	Kensington	2014
1509	Songbird	Eva Cassidy	1998
1510	We Come 1	Faithless	2001
1511	In These Arms	Bon Jovi	1993
1512	Scarlet ribbons	The Cats	1969
1513	Sandstorm	Darude	2001
1514	Mooi liedje	Acda en De Munnik	1997
1515	Sing for Absolution	Muse	2004
1516	I feel it coming	The Weeknd & Daft Punk	2016
1517	Are You Lonesome Tonight	Elvis Presley	1960
1518	Still Crazy after All These Years	Paul Simon	1975
1519	Fire	The Pointer Sisters	1979
1520	Be the one	Dua Lipa	2015
1521	Always on my mind	Willie Nelson	1984
1522	Le Freak	Chic	1978
1523	Can You Feel the Love Tonight	Elton John	1994
1524	Waarom nou jij	Marco Borsato	1994
1525	She's the one	Robbie Williams	1999
1526	A Head Full of Dreams	Coldplay	2016
1527	Mushanga	Toto	1988
1528	Sammy	Ramses Shaffy	1966
1529	Close to the edge	Yes	1972
1530	Right next door (because of me)	Robert Cray Band	1987
1531	Fire (live)	Bruce Springsteen	1986
1532	Oh, pretty woman	Roy Orbison	1964
1533	Sure Know Something	Kiss	1979
1534	Bend and Break	Keane	2005
1535	No diggity	Blackstreet feat. Dr. Dre	1996
1536	Times are changing	Di-rect	2009
1537	Blue suede shoes	Elvis Presley	1956
1538	Summertime	Brainbox	1969
1539	Cecilia	Simon & Garfunkel	1970
1540	Lookin' Out My Back Door	Creedence Clearwater Revival	1970
1541	Everytime I think of you	The Babys	1979
1542	The greatest	Sia	2016
1543	Nur geträumt	Nena	1982
1544	Nights on Broadway	Bee Gees	1975
1545	Down Man	Brainbox	1969
1546	Try a Little Tenderness	Otis Redding	1966
1547	We Belong to the Night	Ellen Foley	1979
1548	Nightporter	Japan	1980
1549	Everybody (Backstreet's Back)	Backstreet Boys	1997
1550	Back Home	Golden Earring	1970
1551	Time after time	Cyndi Lauper	1984
1552	Fox on the Run	The Sweet	1975
1553	A hard day's night	The Beatles	1964
1554	Feel It Still	Portugal. The Man	2017
1555	Relight My Fire	Dan Hartman	1980
1556	Pure morning	Placebo	1998
1557	Forever Man	Eric Clapton	1985
1558	What a Fool Believes	The Doobie Brothers	1978
1559	Major Tom (Völlig losgelöst)	Peter Schilling	1983
1560	The Jean Genie	David Bowie	1973
1561	Wonderful World	Sam Cooke	1960
1562	Lovely Day	Bill Withers	1978
1563	When I Come Around	Green Day	1995
1564	My generation	The Who	1965
1565	Handle with Care	Traveling Wilburys	1988
1566	Close to Me	The Cure	1985
1567	Cocaine	J.J. Cale	1976
1568	I'm a Believer	The Monkees	1966
1569	She's Leaving Home	The Beatles	1967
1570	Hollereer	De Jeugd van Tegenwoordig	2008
1571	Roadhouse blues	The Doors	1970
1572	The way we were	Barbra Streisand	1973
1573	Girls just want to have fun	Cyndi Lauper	1984
1574	Let's stay together	Al Green	1971
1575	Bigmouth strikes again	The Smiths	1986
1576	The Miracle	Queen	1989
1577	These Days	Foo Fighters	2011
1578	Locked Out of Heaven	Bruno Mars	2012
1579	Uninvited	Alanis Morissette	1999
1580	Appleknockers Flophouse	Cuby + Blizzards	1969
1581	An End Has a Start	Editors	2007
1582	Grow old with me	Tom Odell	2013
1583	Something Happened on the Way to Heaven	Phil Collins	1990
1584	Maybe tomorrow	Stereophonics	2003
1585	Call me the breeze	J.J. Cale	1972
1586	Jump around	House of Pain	1992
1587	It’s the end of the world as we know it (and I feel fine)	R.E.M.	1987
1588	Beautiful trauma	Pink	2017
1589	Overture	The Who	1969
1590	La Isla Bonita	Madonna	1987
1591	Georgia on My Mind	Ray Charles	1960
1592	Rock and roll	Led Zeppelin	1971
1593	Things we lost in the fire	Bastille	2013
1594	Bird of paradise	Snowy White	1984
1595	Run to the Water	Live	2000
1596	Killing me softly with his song	Roberta Flack	1973
1597	Brilliant disguise	Bruce Springsteen	1987
1598	Love and hate	Michael Kiwanuka	2016
1599	The Drugs Don't Work	The Verve	1997
1600	When you say nothing at all	Ronan Keating	1999
1601	Gute Nacht, Freunde	Reinhard Mey	1974
1602	Sunrise	Simply Red	2003
1603	Smooth	Santana & Rob Thomas	1999
1604	Move on up	Curtis Mayfield	1971
1605	Forever Autumn	Jeff Wayne & Justin Hayward	1978
1606	Two tribes	Frankie Goes to Hollywood	1984
1607	Give up your guns	The Buoys	1972
1608	Waterloo Sunset	The Kinks	1967
1609	Malle Babbe	Rob de Nijs	1975
1610	Een meisje van 16	Boudewijn de Groot	1965
1611	Toveren	Herman van Veen	1987
1612	That's Life	Frank Sinatra	1966
1613	7 Seconds	Youssou N'Dour & Neneh Cherry	1994
1614	Midnight Rambler	The Rolling Stones	1969
1615	Don't You Want Me	The Human League	1982
1616	Goodbye My Lover	James Blunt	2005
1617	Me gustas tú	Manu Chao	2000
1618	Around the world	Daft Punk	1997
1619	Weekend	Earth & Fire	1979
1620	We All Stand Together	Paul McCartney & Frog Chorus	1985
1621	Why can't this be love	Van Halen	1986
1622	Relax	Frankie Goes to Hollywood	1984
1623	Children	Robert Miles	1995
1624	Riverside	Agnes Obel	2011
1625	Hou vol hou vast	BLØF	2011
1626	Apache	The Shadows	1960
1627	Human touch	Bruce Springsteen	1992
1628	The eyes of Jenny	Sandy Coast	1981
1629	Nescio	Nits	1983
1630	The memory remains	Metallica en Marianne Faithfull	1997
1631	Home by the Sea	Genesis	1983
1632	I'm Every Woman	Chaka Khan	1979
1633	Beast of Burden	The Rolling Stones	1978
1634	The cross	Prince	1987
1635	Blue Hotel	Chris Isaak	1987
1636	I Started a Joke	Bee Gees	1969
1637	An American trilogy	Elvis Presley	1972
1638	Foolish Games	Jewel	1997
1639	You ain't seen nothin' yet	Bachman-Turner Overdrive	1974
1640	Wouldn't It Be Nice	The Beach Boys	1966
1641	La vie en rose	Grace Jones	1977
1642	I'm Going Slightly Mad	Queen	1991
1643	Late in the Evening	Paul Simon	1980
1644	Mensch	Herbert Grönemeyer	2004
1645	Fame	David Bowie	1975
1646	No Good in Goodbye	The Script	2014
1647	Heavy Cross	Gossip	2009
1648	Rosie	Claw Boys Claw	1992
1649	Hier	BLØF	2000
1650	Casser la voix	Patrick Bruel	1992
1651	I Want to Hold Your Hand	The Beatles	1964
1652	In Your Eyes	Peter Gabriel	1986
1653	Virtual insanity	Jamiroquai	1996
1654	Later als ik groter ben	BLØF	2012
1655	Sex Machine	James Brown	1970
1656	Amsterdam	Coldplay	2002
1657	Get ready	Rare Earth	1970
1658	Twist in My Sobriety	Tanita Tikaram	1988
1659	Poker face	Lady Gaga	2009
1660	Liquid Spirit	Gregory Porter	2015
1661	Life in technicolor	Coldplay	2009
1662	God put a smile upon your face	Coldplay	2003
1663	Follow the sun	Xavier Rudd	2012
1664	Slapeloze nachten	The Opposites	2013
1665	Counting stars	OneRepublic	2013
1666	Grenade	Bruno Mars	2010
1667	Diamonds and pearls	Prince	1991
1668	The Wall Street Shuffle	10cc	1974
1669	Little Red Rooster	The Rolling Stones	1965
1670	Politik	Coldplay	2002
1671	7 Years	Lukas Graham	2016
1672	Fire and Rain	James Taylor	1970
1673	Born to be alive	Patrick Hernandez	1979
1674	Big in Japan	Alphaville	1984
1675	This is my life	Shirley Bassey	1979
1676	Living on My Own	Freddie Mercury	1993
1677	All Night Long (All Night)	Lionel Richie	1983
1678	Mmm Mmm Mmm Mmm	Crash Test Dummies	1994
1679	Lost!	Coldplay	2008
1680	Man Down	Rihanna	2011
1681	(They Long to Be) Close to You	The Carpenters	1970
1682	Wheels	Foo Fighters	2009
1683	Same Love	Macklemore & Ryan Lewis	2013
1684	Rapper's Delight	The Sugarhill Gang	1979
1685	Ship to Wreck	Florence and the Machine	2015
1686	Time is on my side	The Rolling Stones	1965
1687	Skandal im Sperrbezirk	Spider Murphy Gang	1982
1688	Lucky Man	Emerson, Lake & Palmer	1971
1689	Sweet Victory	David Glen Eisley	2012
1690	Als de rook om je hoofd is verdwenen	Boudewijn de Groot	1972
1691	No limit	2 Unlimited	1993
1692	Rooster	Alice in Chains	1993
1693	Sexy als ik dans	Nielson	2014
1694	Bullet with butterfly wings	The Smashing Pumpkins	1995
1695	Thank U	Alanis Morissette	1998
1696	Red mij niet	Maarten van Roozendaal	2001
1697	All Summer Long	Kid Rock	2008
1698	The day after tomorrow	Saybia	2002
1699	Nothing really matters	Mr. Probz	2014
1700	Papa, can you hear me?	Barbra Streisand	1983
1701	I Got You Babe	UB40 & Chrissie Hynde	1985
1702	The Blower's Daughter	Damien Rice	2004
1703	Don't leave me this way	The Communards & Sarah Jane Morris	1986
1704	Green Eyes	Coldplay	2002
1705	Parijs	Kenny B	2015
1706	Skin	Rag'n'Bone Man	2017
1707	Spanish stroll	Mink DeVille	1977
1708	Under My Thumb	The Rolling Stones	1966
1709	Domino	Clouseau	1990
1710	Girl You'll Be a Woman Soon	Neil Diamond	1971
1711	The Book of Love	Gavin James	2014
1712	Torn	Natalie Imbruglia	1997
1713	Touch Me	The Doors	1969
1714	We didn't start the fire	Billy Joel	1989
1715	Hound Dog	Elvis Presley	1959
1716	Tonight, Tonight	The Smashing Pumpkins	1995
1717	We are the world	USA for Africa	1985
1718	Carry on	Crosby, Stills, Nash & Young	1970
1719	Sylvia's Mother	Dr. Hook	1972
1720	Roar	Katy Perry	2013
1721	Wonderful Life	Black	1987
1722	Duel	Propaganda	1985
1723	Famous blue raincoat	Leonard Cohen	1971
1724	Into the great wide open	Tom Petty & The Heartbreakers	1991
1725	Way down we go	Kaleo	2016
1726	The needle and the damage done	Neil Young	1972
1727	The joker	Steve Miller Band	1973
1728	Can't get it out of my head	Electric Light Orchestra	1975
1729	If I ain't got you	Alicia Keys	2003
1730	Praise you	Fatboy Slim	1998
1731	Crazy	Gnarls Barkley	2006
1732	Violet Hill	Coldplay	2008
1733	Green Green Grass of Home	Tom Jones	1966
1734	Need you now	Lady Antebellum	2010
1735	Nathalie	Gilbert Bécaud	1964
1736	We Can Work It Out	The Beatles	1965
1737	Kalverliefde	Robert Long	1974
1738	The Hardest Part	Coldplay	2006
1739	Sacrifice	Anouk	1998
1740	Still believe	Herman Brood & His Wild Romance	1978
1741	Master Blaster (Jammin')	Stevie Wonder	1980
1742	Come undone	Robbie Williams	2003
1743	Anarchy in the U.K.	Sex Pistols	1976
1744	Hart van mijn gevoel	De Kast	1999
1745	Novocaine for the soul	Eels	1996
1746	Luka	Suzanne Vega	1987
1747	Ik heb je lief	Stef Bos	1992
1748	You're beautiful	James Blunt	2005
1749	Tears in the Morning	The Beach Boys	1970
1750	Woman	Wolfmother	2005
1751	Hijo de la luna	Mecano	1990
1752	Per spoor (Kedeng kedeng)	Guus Meeuwis & Vagant	1996
1753	I'm Coming Out	Diana Ross	1980
1754	Buffalo Soldier	Bob Marley & The Wailers	1983
1755	Prikkebeen	Boudewijn de Groot en Elly Nieman	1968
1756	I love you like I love myself	Herman Brood	1980
1757	Won't Get Fooled Again	The Who	1971
1758	Take It to the Limit	Eagles	1975
1759	Terug naar de kust	Maggie MacNeal	1976
1760	Reflections	Diana Ross & The Supremes	1967
1761	One Day I'll Fly Away	Randy Crawford	1980
1762	Heartbreak Hotel	Elvis Presley	1956
1763	Don't Stand So Close to Me	The Police	1980
1764	Skinny love	Birdy	2011
1765	I Don't Wanna Hurt	Anouk	2008
1766	Living doll	Cliff Richard & The Young Ones	1986
1767	Accidentally in love	Counting Crows	2004
1768	Blinded by the light	Manfred Mann's Earth Band	1976
1769	Stitches	Shawn Mendes	2015
1770	Charlie Brown	Coldplay	2011
1771	Meer dan een ander	Van Dik Hout	1994
1772	Dancing with Tears in My Eyes	Ultravox	1984
1773	Silence (Tiësto Mix)	Delerium ft. Sarah McLachlan	1997
1774	Mijn van straat geredde roos	De Dijk	2008
1775	Sing	Ed Sheeran	2014
1776	Invisible touch	Genesis	1986
1777	Monkey gone to heaven	Pixies	1989
1778	Story of my life	One Direction	2013
1779	Sunny Afternoon	The Kinks	1966
1780	Show me the way	Peter Frampton	1976
1781	Mercy	Shawn Mendes	2016
1782	Black magic woman	Fleetwood Mac	1975
1783	Slow song	Joe Jackson	1982
1784	Woman from Tokyo	Deep Purple	1972
1785	Shut up & dance	Walk The Moon	2014
1786	Blurred lines	Robin Thicke feat. Pharrell	2013
1787	Love Rears Its Ugly Head	Living Colour	1990
1788	Mr. Blue	René Klijn	1993
1789	Maria Maria	Santana & The Product G&B	2000
1790	Little Talks	Of Monsters and Men	2012
1791	Money, Money, Money	ABBA	1976
1792	Into the mystic	Van Morrison	1970
1793	Polly	Nirvana	1991
1794	Watermensen	3JS	2008
1795	West End Girls	Pet Shop Boys	1986
1796	MacArthur Park	Richard Harris	1968
1797	Freestyler	Bomfunk MC's	1999
1798	Into Temptation	Crowded House	1989
1799	Should I Stay or Should I Go	The Clash	1982
1800	Long Train Running	The Doobie Brothers	1973
1801	Hier komt de storm	Frank Boeijen	1988
1802	Bullet the Blue Sky	U2	1987
1803	Honesty	Billy Joel	1979
1804	Talkin' 'bout a Revolution	Tracy Chapman	1988
1805	No Son of Mine	Genesis	1991
1806	Back down south	Kings of Leon	2010
1807	Lost on you	LP	2016
1808	Elevation	U2	2000
1809	Bagagedrager	Spinvis	2002
1810	Do it again	Steely Dan	1972
1811	Rape me	Nirvana	1994
1812	Sometimes You Can't Make It on Your Own	U2	2004
1813	High and dry	Radiohead	1995
1814	No Rain	Blind Melon	1993
1815	Enola Gay	O.M.D.	1980
1816	Hero	Enrique Iglesias	2001
1817	I'll Be Over You	Toto	1986
1818	Dichterbij dan ooit	BLØF	2001
1819	Atmosphere	Joy Division	1979
1820	Monday, Monday	The Mamas and the Papas	1966
1821	Refugee	Tom Petty & The Heartbreakers	1980
1822	Sorry Seems to Be the Hardest Word	Elton John	1976
1823	Ain't Nobody	Chaka Khan & Rufus	1984
1824	Believe	Cher	1998
1825	Fallin'	Alicia Keys	2001
1826	Hunting high and low	a-ha	1986
1827	Dancin' Fool	Frank Zappa	1979
1828	Papa Don't Preach	Madonna	1986
1829	Rhythm Is a Dancer	Snap!	1992
1830	Wêr bisto	Twarres	2000
1831	I Can't Make You Love Me	George Michael	1997
1832	Across the universe	The Beatles	1970
1833	Back in the U.S.S.R.	The Beatles	1968
1834	For No One	The Beatles	1966
1835	In the name of love	Martin Garrix & Bebe Rexha	2016
1836	Pyro	Kings of Leon	2010
1837	Beast of Burden	Bette Midler	1984
1838	Intro/Sweet Jane	Lou Reed	1974
1839	Met hart en ziel	Tröckener Kecks	1990
1840	I Saw Her Standing There	The Beatles	1963
1841	Pretty Fly (for a White Guy)	The Offspring	1998
1842	Y.M.C.A.	Village People	1978
1843	15 miljoen mensen	Fluitsma & Van Tijn	1996
1844	A Long December	Counting Crows	1996
1845	Love Her Madly	The Doors	1971
1846	Club Tropicana	Wham!	1983
1847	I Just Can't Stop Loving You	Michael Jackson & Siedah Garrett	1987
1848	Just the way you are	Billy Joel	1978
1849	Rivers of Babylon	Boney M.	1978
1850	Don't Think Twice It's All Right	Bob Dylan	1963
1851	Ventura Highway	America	1972
1852	In the army now	Status Quo	1986
1853	Gloria	Them	1967
1854	Up Where We Belong	Joe Cocker & Jennifer Warnes	1982
1855	A Little Less Conversation	Elvis & Junkie XL	2002
1856	Wasted Time	Eagles	1976
1857	Annabel	Hans de Booij	1983
1858	I've got you under my skin	Frank Sinatra	1956
1859	It's a beautiful day	Michael Bublé	2013
1860	Damn Those Eyes	Kane	1999
1861	Song Sung Blue	Neil Diamond	1972
1862	Is This Love	Whitesnake	1987
1863	KL 204 (Als ik God was)	Peter Koelewijn	1978
1864	You Got It	Roy Orbison	1989
1865	Ocean of night	Editors	2015
1866	Water of Love	Dire Straits	1978
1867	Lady Madonna	The Beatles	1968
1868	Original sin	INXS	1984
1869	(I've Had) The Time of My Life	Bill Medley & Jennifer Warnes	1987
1870	Why'd You Only Call Me When You're High?	Arctic Monkeys	2013
1871	It's a Sin	Pet Shop Boys	1987
1872	There Must Be an Angel (Playing with My Heart)	Eurythmics	1985
1873	Grace	Jeff Buckley	1994
1874	Dakota	Stereophonics	2005
1875	FourFiveSeconds	Rihanna & Kanye West & Paul McCartney	2015
1876	Love is the drug	Roxy Music	1976
1877	Cryin'	Aerosmith	1993
1878	Ms. Jackson	OutKast	2000
1879	Open je ogen	BLØF feat. Ilse DeLange	2014
1880	Hemingway	BLØF	2006
1881	Hard to handle	The Black Crowes	1990
1882	Feel Like Flying	Racoon	2000
1883	Kids in America	Kim Wilde	1981
1884	Southern man	Neil Young	1970
1885	Merry Xmas everybody	Slade	1973
1886	The road ahead (Miles of the unknown)	City to City	1999
1887	Catch & Release	Matt Simons	2014
1888	Times were when	The Cats	1968
1889	If I Could Turn Back Time	Cher	1989
1890	Don't Let Me Be Misunderstood	Santa Esmeralda	1977
1891	To love somebody	Bee Gees	1967
1892	Weekend Love	Golden Earring	1979
1893	That was yesterday	Foreigner	1985
1894	New York Minute	Don Henley	1989
1895	Shake It Off	Taylor Swift	2014
1896	Diggin'	Kovacs	2015
1897	The Invisible Man	Queen	1989
1898	Steppin' out	Joe Jackson	1982
1899	You Win Again	Bee Gees	1987
1900	The Ballroom Blitz	The Sweet	1973
1901	Here, there and everywhere	The Beatles	1966
1902	Mr. Rock & Roll	Amy Macdonald	2008
1903	Where Do You Go To (My Lovely)?	Peter Sarstedt	1969
1904	Meeting across the river	Bruce Springsteen	1975
1905	Magnificent	U2	2009
1906	Jamming	Bob Marley & The Wailers	1977
1907	Send My Love (To Your New Lover)	Adele	2016
1908	Mysterious ways	U2	1991
1909	Set the fire to the third bar	Snow Patrol feat. Martha Wainwright	2006
1910	Beautiful	Christina Aguilera	2003
1911	Here comes the rain again	Eurythmics	1983
1912	These Boots Are Made for Walkin'	Nancy Sinatra	1966
1913	Eight Days a Week	The Beatles	1965
1914	Yours Is No Disgrace	Yes	1971
1915	Out of Space	The Prodigy	1992
1916	The model	Kraftwerk	1978
1917	The last time	The Rolling Stones	1965
1918	I'll Find My Way Home	Jon & Vangelis	1982
1919	We zullen doorgaan	Ramses Shaffy	1975
1920	On the border	Al Stewart	1977
1921	Sweet Disposition	The Temper Trap	2008
1922	Vrij zijn	Marco Borsato	1996
1923	It's Raining Men	The Weather Girls	1983
1924	I'll have to say I love you in a song	Jim Croce	1974
1925	Birds	Chef'Special	2011
1926	Don't	Ed Sheeran	2014
1927	Don't look back	Boston	1978
1928	Song of the marching children	Earth & Fire	1971
1929	Never alone	2 Brothers on the 4th Floor	1994
1930	Take My Breath Away	Berlin	1986
1931	You Make Loving Fun	Fleetwood Mac	1978
1932	Euphoria	Loreen	2012
1933	Cose Della Vita	Eros Ramazzotti & Tina Turner	1998
1934	Rosalyn	Vitesse	1982
1935	It's All Over Now	The Rolling Stones	1964
1936	Waiting for the sun	The Doors	1971
1937	Heart of glass	Blondie	1979
1938	Karma Chameleon	Culture Club	1983
1939	All apologies	Nirvana	1994
1940	Living in Another World	Talk Talk	1986
1941	Out in the Fields	Gary Moore & Phil Lynott	1985
1942	Liberian Girl	Michael Jackson	1989
1943	Intergalactic	Beastie Boys	1998
1944	No surrender	Kane	2009
1945	Forbidden colours	David Sylvian & Ryuichi Sakamoto	1983
1946	Good Grief	Bastille	2016
1947	Witchy Woman	Eagles	1972
1948	You Don't Bring Me Flowers	Neil Diamond & Barbra Streisand	1978
1949	There's nothing holdin' me back	Shawn Mendes	2017
1950	I Bet My Life	Imagine Dragons	2014
1951	Mandy	Barry Manilow	1974
1952	Behind blue eyes	The Who	1971
1953	Let's Spend the Night Together	The Rolling Stones	1967
1954	Homburg	Procol Harum	1967
1955	In the year 2525 (exordium and terminus)	Zager & Evans	1969
1956	Love Games	Level 42	1981
1957	Suite: Judy blue eyes	Crosby, Stills & Nash	1969
1958	Round Here	Counting Crows	1994
1959	Babooshka	Kate Bush	1980
1960	Daniel	Elton John	1973
1961	Rockstar	Nickelback	2007
1962	Have You Ever Been Mellow	Party Animals	1996
1963	Gold	Prince	1995
1964	People Help the People	Birdy	2011
1965	Keep the Faith	Bon Jovi	1992
1966	Say you won't let go	James Arthur	2015
1967	Ruby	Kaiser Chiefs	2007
1968	Daydream Believer	The Monkees	1967
1969	Lovesong	The Cure	1989
1970	As	Stevie Wonder	1976
1971	Mad world	Tears for Fears	1982
1972	How Can We Hang On to a Dream?	Tim Hardin	1967
1973	Secret garden	Bruce Springsteen	1995
1974	True	Spandau Ballet	1983
1975	The great pretender	Freddie Mercury	1987
1976	You’re the inspiration	Chicago	1985
1977	Fairground	Simply Red	1995
1978	Sadeness	Enigma	1990
1979	I surrender	Saybia	2004
1980	Find the River	R.E.M.	1992
1981	Like a virgin	Madonna	1984
1982	Hello, Goodbye	The Beatles	1967
1983	Read all about it (pt III)	Emeli Sandé	2013
1984	Sausolito Summernight	Diesel	1980
1985	Love Shack	The B-52's	1989
1986	Banana Pancakes	Jack Johnson	2005
1987	Take your time girl	Niels Geusebroek	2013
1988	Sylvia	Focus	1972
1989	In between days	The Cure	1985
1990	For what it's worth	Buffalo Springfield	1967
1991	Breakfast at Tiffany's	Deep Blue Something	1996
1992	Love of the common people	Paul Young	1984
1993	Hey boy hey girl	The Chemical Brothers	1999
1994	I Can't Dance	Genesis	1992
1995	Strangers in the night	Frank Sinatra	1966
1996	Let it go	James Bay	2014
1997	Isn't It Time	The Babys	1977
1998	Stop This Train	John Mayer	2006
1999	What Is Love	Haddaway	1992
2000	Teardrops	Womack & Womack	1988
